packet_id,source_id,route,hop_count,rl_route_found,packet_delivered,dropped_by_blackhole,malicious_node,observer_node,trust_before,trust_after,blacklisted,result
1,1,1->11->0,2,True,False,True,11,1,0.900000,0.900000,False,BLACKHOLE_DROP
2,1,1->11->0,2,True,False,True,11,1,0.800000,0.800000,False,BLACKHOLE_DROP
3,1,1->11->0,2,True,False,True,11,1,0.700000,0.700000,True,BLACKHOLE_DROP
4,1,1->9->25->48->42->37->2->31->49->32->0,10,True,True,False,,,,,False,DELIVERED
5,1,1->9->25->48->42->37->2->31->49->32->0,10,True,True,False,,,,,False,DELIVERED
6,2,2->31->49->32->0,4,True,True,False,,,,,False,DELIVERED
7,2,2->31->49->32->0,4,True,True,False,,,,,False,DELIVERED
8,2,2->31->49->32->0,4,True,True,False,,,,,False,DELIVERED
9,2,2->31->49->32->0,4,True,True,False,,,,,False,DELIVERED
10,2,2->31->49->32->0,4,True,True,False,,,,,False,DELIVERED
11,3,3->1->9->25->48->42->37->2->31->49->32->0,11,True,True,False,,,,,False,DELIVERED
12,3,3->1->9->25->48->42->37->2->31->49->32->0,11,True,True,False,,,,,False,DELIVERED
13,3,3->1->9->25->48->42->37->2->31->49->32->0,11,True,True,False,,,,,False,DELIVERED
14,3,3->1->9->25->48->42->37->2->31->49->32->0,11,True,True,False,,,,,False,DELIVERED
15,3,3->1->9->25->48->42->37->2->31->49->32->0,11,True,True,False,,,,,False,DELIVERED
16,4,4->3->1->9->25->48->42->37->2->31->49->32->0,12,True,True,False,,,,,False,DELIVERED
17,4,4->3->1->9->25->48->42->37->2->31->49->32->0,12,True,True,False,,,,,False,DELIVERED
18,4,4->3->1->9->25->48->42->37->2->31->49->32->0,12,True,True,False,,,,,False,DELIVERED
19,4,4->3->1->9->25->48->42->37->2->31->49->32->0,12,True,True,False,,,,,False,DELIVERED
20,4,4->3->1->9->25->48->42->37->2->31->49->32->0,12,True,True,False,,,,,False,DELIVERED
21,5,5->16->26->9->25->48->42->37->2->31->49->32->0,12,True,True,False,,,,,False,DELIVERED
22,5,5->16->26->9->25->48->42->37->2->31->49->32->0,12,True,True,False,,,,,False,DELIVERED
23,5,5->16->26->9->25->48->42->37->2->31->49->32->0,12,True,True,False,,,,,False,DELIVERED
24,5,5->16->26->9->25->48->42->37->2->31->49->32->0,12,True,True,False,,,,,False,DELIVERED
25,5,5->16->26->9->25->48->42->37->2->31->49->32->0,12,True,True,False,,,,,False,DELIVERED
26,6,6->14->36->15->12->46->44->21->4->3->1->9->25->48->42->37->2->31->49->32->0,20,True,True,False,,,,,False,DELIVERED
27,6,6->14->36->15->12->46->44->21->4->3->1->9->25->48->42->37->2->31->49->32->0,20,True,True,False,,,,,False,DELIVERED
28,6,6->14->36->15->12->46->44->21->4->3->1->9->25->48->42->37->2->31->49->32->0,20,True,True,False,,,,,False,DELIVERED
29,6,6->14->36->15->12->46->44->21->4->3->1->9->25->48->42->37->2->31->49->32->0,20,True,True,False,,,,,False,DELIVERED
30,6,6->14->36->15->12->46->44->21->4->3->1->9->25->48->42->37->2->31->49->32->0,20,True,True,False,,,,,False,DELIVERED
31,7,7->6->14->36->15->12->46->44->21->4->3->1->9->25->48->42->37->2->31->49->32->0,21,True,True,False,,,,,False,DELIVERED
32,7,7->6->14->36->15->12->46->44->21->4->3->1->9->25->48->42->37->2->31->49->32->0,21,True,True,False,,,,,False,DELIVERED
33,7,7->6->14->36->15->12->46->44->21->4->3->1->9->25->48->42->37->2->31->49->32->0,21,True,True,False,,,,,False,DELIVERED
34,7,7->6->14->36->15->12->46->44->21->4->3->1->9->25->48->42->37->2->31->49->32->0,21,True,True,False,,,,,False,DELIVERED
35,7,7->6->14->36->15->12->46->44->21->4->3->1->9->25->48->42->37->2->31->49->32->0,21,True,True,False,,,,,False,DELIVERED
36,8,8->7->6->14->36->15->12->46->44->21->4->3->1->9->25->48->42->37->2->31->49->32->0,22,True,True,False,,,,,False,DELIVERED
37,8,8->7->6->14->36->15->12->46->44->21->4->3->1->9->25->48->42->37->2->31->49->32->0,22,True,True,False,,,,,False,DELIVERED
38,8,8->7->6->14->36->15->12->46->44->21->4->3->1->9->25->48->42->37->2->31->49->32->0,22,True,True,False,,,,,False,DELIVERED
39,8,8->7->6->14->36->15->12->46->44->21->4->3->1->9->25->48->42->37->2->31->49->32->0,22,True,True,False,,,,,False,DELIVERED
40,8,8->7->6->14->36->15->12->46->44->21->4->3->1->9->25->48->42->37->2->31->49->32->0,22,True,True,False,,,,,False,DELIVERED
41,9,9->25->48->42->37->2->31->49->32->0,9,True,True,False,,,,,False,DELIVERED
42,9,9->25->48->42->37->2->31->49->32->0,9,True,True,False,,,,,False,DELIVERED
43,9,9->25->48->42->37->2->31->49->32->0,9,True,True,False,,,,,False,DELIVERED
44,9,9->25->48->42->37->2->31->49->32->0,9,True,True,False,,,,,False,DELIVERED
45,9,9->25->48->42->37->2->31->49->32->0,9,True,True,False,,,,,False,DELIVERED
46,10,10->30->8->7->6->14->36->15->12->46->44->21->4->3->1->9->25->48->42->37->2->31->49->32->0,24,True,True,False,,,,,False,DELIVERED
47,10,10->30->8->7->6->14->36->15->12->46->44->21->4->3->1->9->25->48->42->37->2->31->49->32->0,24,True,True,False,,,,,False,DELIVERED
48,10,10->30->8->7->6->14->36->15->12->46->44->21->4->3->1->9->25->48->42->37->2->31->49->32->0,24,True,True,False,,,,,False,DELIVERED
49,10,10->30->8->7->6->14->36->15->12->46->44->21->4->3->1->9->25->48->42->37->2->31->49->32->0,24,True,True,False,,,,,False,DELIVERED
50,10,10->30->8->7->6->14->36->15->12->46->44->21->4->3->1->9->25->48->42->37->2->31->49->32->0,24,True,True,False,,,,,False,DELIVERED
51,11,11->0,1,True,True,False,,,,,False,DELIVERED
52,11,11->0,1,True,True,False,,,,,False,DELIVERED
53,11,11->0,1,True,True,False,,,,,False,DELIVERED
54,11,11->0,1,True,True,False,,,,,False,DELIVERED
55,11,11->0,1,True,True,False,,,,,False,DELIVERED
56,12,12->46->44->21->4->3->1->9->25->48->42->37->2->31->49->32->0,16,True,True,False,,,,,False,DELIVERED
57,12,12->46->44->21->4->3->1->9->25->48->42->37->2->31->49->32->0,16,True,True,False,,,,,False,DELIVERED
58,12,12->46->44->21->4->3->1->9->25->48->42->37->2->31->49->32->0,16,True,True,False,,,,,False,DELIVERED
59,12,12->46->44->21->4->3->1->9->25->48->42->37->2->31->49->32->0,16,True,True,False,,,,,False,DELIVERED
60,12,12->46->44->21->4->3->1->9->25->48->42->37->2->31->49->32->0,16,True,True,False,,,,,False,DELIVERED
61,13,13->27->22->49->32->0,5,True,True,False,,,,,False,DELIVERED
62,13,13->27->22->49->32->0,5,True,True,False,,,,,False,DELIVERED
63,13,13->27->22->49->32->0,5,True,True,False,,,,,False,DELIVERED
64,13,13->27->22->49->32->0,5,True,True,False,,,,,False,DELIVERED
65,13,13->27->22->49->32->0,5,True,True,False,,,,,False,DELIVERED
66,14,14->36->15->12->46->44->21->4->3->1->9->25->48->42->37->2->31->49->32->0,19,True,True,False,,,,,False,DELIVERED
67,14,14->36->15->12->46->44->21->4->3->1->9->25->48->42->37->2->31->49->32->0,19,True,True,False,,,,,False,DELIVERED
68,14,14->36->15->12->46->44->21->4->3->1->9->25->48->42->37->2->31->49->32->0,19,True,True,False,,,,,False,DELIVERED
69,14,14->36->15->12->46->44->21->4->3->1->9->25->48->42->37->2->31->49->32->0,19,True,True,False,,,,,False,DELIVERED
70,14,14->36->15->12->46->44->21->4->3->1->9->25->48->42->37->2->31->49->32->0,19,True,True,False,,,,,False,DELIVERED
71,15,15->12->46->44->21->4->3->1->9->25->48->42->37->2->31->49->32->0,17,True,True,False,,,,,False,DELIVERED
72,15,15->12->46->44->21->4->3->1->9->25->48->42->37->2->31->49->32->0,17,True,True,False,,,,,False,DELIVERED
73,15,15->12->46->44->21->4->3->1->9->25->48->42->37->2->31->49->32->0,17,True,True,False,,,,,False,DELIVERED
74,15,15->12->46->44->21->4->3->1->9->25->48->42->37->2->31->49->32->0,17,True,True,False,,,,,False,DELIVERED
75,15,15->12->46->44->21->4->3->1->9->25->48->42->37->2->31->49->32->0,17,True,True,False,,,,,False,DELIVERED
76,16,16->26->9->25->48->42->37->2->31->49->32->0,11,True,True,False,,,,,False,DELIVERED
77,16,16->26->9->25->48->42->37->2->31->49->32->0,11,True,True,False,,,,,False,DELIVERED
78,16,16->26->9->25->48->42->37->2->31->49->32->0,11,True,True,False,,,,,False,DELIVERED
79,16,16->26->9->25->48->42->37->2->31->49->32->0,11,True,True,False,,,,,False,DELIVERED
80,16,16->26->9->25->48->42->37->2->31->49->32->0,11,True,True,False,,,,,False,DELIVERED
81,17,17->47->19->5->16->26->9->25->48->42->37->2->31->49->32->0,15,True,True,False,,,,,False,DELIVERED
82,17,17->47->19->5->16->26->9->25->48->42->37->2->31->49->32->0,15,True,True,False,,,,,False,DELIVERED
83,17,17->47->19->5->16->26->9->25->48->42->37->2->31->49->32->0,15,True,True,False,,,,,False,DELIVERED
84,17,17->47->19->5->16->26->9->25->48->42->37->2->31->49->32->0,15,True,True,False,,,,,False,DELIVERED
85,17,17->47->19->5->16->26->9->25->48->42->37->2->31->49->32->0,15,True,True,False,,,,,False,DELIVERED
86,18,18->24->13->27->22->49->32->0,7,True,True,False,,,,,False,DELIVERED
87,18,18->24->13->27->22->49->32->0,7,True,True,False,,,,,False,DELIVERED
88,18,18->24->13->27->22->49->32->0,7,True,True,False,,,,,False,DELIVERED
89,18,18->24->13->27->22->49->32->0,7,True,True,False,,,,,False,DELIVERED
90,18,18->24->13->27->22->49->32->0,7,True,True,False,,,,,False,DELIVERED
91,19,19->5->16->26->9->25->48->42->37->2->31->49->32->0,13,True,True,False,,,,,False,DELIVERED
92,19,19->5->16->26->9->25->48->42->37->2->31->49->32->0,13,True,True,False,,,,,False,DELIVERED
93,19,19->5->16->26->9->25->48->42->37->2->31->49->32->0,13,True,True,False,,,,,False,DELIVERED
94,19,19->5->16->26->9->25->48->42->37->2->31->49->32->0,13,True,True,False,,,,,False,DELIVERED
95,19,19->5->16->26->9->25->48->42->37->2->31->49->32->0,13,True,True,False,,,,,False,DELIVERED
96,20,20->0,1,True,True,False,,,,,False,DELIVERED
97,20,20->0,1,True,True,False,,,,,False,DELIVERED
98,20,20->0,1,True,True,False,,,,,False,DELIVERED
99,20,20->0,1,True,True,False,,,,,False,DELIVERED
100,20,20->0,1,True,True,False,,,,,False,DELIVERED
101,21,21->4->3->1->9->25->48->42->37->2->31->49->32->0,13,True,True,False,,,,,False,DELIVERED
102,21,21->4->3->1->9->25->48->42->37->2->31->49->32->0,13,True,True,False,,,,,False,DELIVERED
103,21,21->4->3->1->9->25->48->42->37->2->31->49->32->0,13,True,True,False,,,,,False,DELIVERED
104,21,21->4->3->1->9->25->48->42->37->2->31->49->32->0,13,True,True,False,,,,,False,DELIVERED
105,21,21->4->3->1->9->25->48->42->37->2->31->49->32->0,13,True,True,False,,,,,False,DELIVERED
106,22,22->49->32->0,3,True,True,False,,,,,False,DELIVERED
107,22,22->49->32->0,3,True,True,False,,,,,False,DELIVERED
108,22,22->49->32->0,3,True,True,False,,,,,False,DELIVERED
109,22,22->49->32->0,3,True,True,False,,,,,False,DELIVERED
110,22,22->49->32->0,3,True,True,False,,,,,False,DELIVERED
111,23,23->6->14->36->15->12->46->44->21->4->3->1->9->25->48->42->37->2->31->49->32->0,21,True,True,False,,,,,False,DELIVERED
112,23,23->6->14->36->15->12->46->44->21->4->3->1->9->25->48->42->37->2->31->49->32->0,21,True,True,False,,,,,False,DELIVERED
113,23,23->6->14->36->15->12->46->44->21->4->3->1->9->25->48->42->37->2->31->49->32->0,21,True,True,False,,,,,False,DELIVERED
114,23,23->6->14->36->15->12->46->44->21->4->3->1->9->25->48->42->37->2->31->49->32->0,21,True,True,False,,,,,False,DELIVERED
115,23,23->6->14->36->15->12->46->44->21->4->3->1->9->25->48->42->37->2->31->49->32->0,21,True,True,False,,,,,False,DELIVERED
116,24,24->13->27->22->49->32->0,6,True,True,False,,,,,False,DELIVERED
117,24,24->13->27->22->49->32->0,6,True,True,False,,,,,False,DELIVERED
118,24,24->13->27->22->49->32->0,6,True,True,False,,,,,False,DELIVERED
119,24,24->13->27->22->49->32->0,6,True,True,False,,,,,False,DELIVERED
120,24,24->13->27->22->49->32->0,6,True,True,False,,,,,False,DELIVERED
121,25,25->48->42->37->2->31->49->32->0,8,True,True,False,,,,,False,DELIVERED
122,25,25->48->42->37->2->31->49->32->0,8,True,True,False,,,,,False,DELIVERED
123,25,25->48->42->37->2->31->49->32->0,8,True,True,False,,,,,False,DELIVERED
124,25,25->48->42->37->2->31->49->32->0,8,True,True,False,,,,,False,DELIVERED
125,25,25->48->42->37->2->31->49->32->0,8,True,True,False,,,,,False,DELIVERED
126,26,26->9->25->48->42->37->2->31->49->32->0,10,True,True,False,,,,,False,DELIVERED
127,26,26->9->25->48->42->37->2->31->49->32->0,10,True,True,False,,,,,False,DELIVERED
128,26,26->9->25->48->42->37->2->31->49->32->0,10,True,True,False,,,,,False,DELIVERED
129,26,26->9->25->48->42->37->2->31->49->32->0,10,True,True,False,,,,,False,DELIVERED
130,26,26->9->25->48->42->37->2->31->49->32->0,10,True,True,False,,,,,False,DELIVERED
131,27,27->22->49->32->0,4,True,True,False,,,,,False,DELIVERED
132,27,27->22->49->32->0,4,True,True,False,,,,,False,DELIVERED
133,27,27->22->49->32->0,4,True,True,False,,,,,False,DELIVERED
134,27,27->22->49->32->0,4,True,True,False,,,,,False,DELIVERED
135,27,27->22->49->32->0,4,True,True,False,,,,,False,DELIVERED
136,28,28->23->6->14->36->15->12->46->44->21->4->3->1->9->25->48->42->37->2->31->49->32->0,22,True,True,False,,,,,False,DELIVERED
137,28,28->23->6->14->36->15->12->46->44->21->4->3->1->9->25->48->42->37->2->31->49->32->0,22,True,True,False,,,,,False,DELIVERED
138,28,28->23->6->14->36->15->12->46->44->21->4->3->1->9->25->48->42->37->2->31->49->32->0,22,True,True,False,,,,,False,DELIVERED
139,28,28->23->6->14->36->15->12->46->44->21->4->3->1->9->25->48->42->37->2->31->49->32->0,22,True,True,False,,,,,False,DELIVERED
140,28,28->23->6->14->36->15->12->46->44->21->4->3->1->9->25->48->42->37->2->31->49->32->0,22,True,True,False,,,,,False,DELIVERED
141,29,29->19->5->16->26->9->25->48->42->37->2->31->49->32->0,14,True,True,False,,,,,False,DELIVERED
142,29,29->19->5->16->26->9->25->48->42->37->2->31->49->32->0,14,True,True,False,,,,,False,DELIVERED
143,29,29->19->5->16->26->9->25->48->42->37->2->31->49->32->0,14,True,True,False,,,,,False,DELIVERED
144,29,29->19->5->16->26->9->25->48->42->37->2->31->49->32->0,14,True,True,False,,,,,False,DELIVERED
145,29,29->19->5->16->26->9->25->48->42->37->2->31->49->32->0,14,True,True,False,,,,,False,DELIVERED
146,30,30->8->7->6->14->36->15->12->46->44->21->4->3->1->9->25->48->42->37->2->31->49->32->0,23,True,True,False,,,,,False,DELIVERED
147,30,30->8->7->6->14->36->15->12->46->44->21->4->3->1->9->25->48->42->37->2->31->49->32->0,23,True,True,False,,,,,False,DELIVERED
148,30,30->8->7->6->14->36->15->12->46->44->21->4->3->1->9->25->48->42->37->2->31->49->32->0,23,True,True,False,,,,,False,DELIVERED
149,30,30->8->7->6->14->36->15->12->46->44->21->4->3->1->9->25->48->42->37->2->31->49->32->0,23,True,True,False,,,,,False,DELIVERED
150,30,30->8->7->6->14->36->15->12->46->44->21->4->3->1->9->25->48->42->37->2->31->49->32->0,23,True,True,False,,,,,False,DELIVERED
151,31,31->49->32->0,3,True,True,False,,,,,False,DELIVERED
152,31,31->49->32->0,3,True,True,False,,,,,False,DELIVERED
153,31,31->49->32->0,3,True,True,False,,,,,False,DELIVERED
154,31,31->49->32->0,3,True,True,False,,,,,False,DELIVERED
155,31,31->49->32->0,3,True,True,False,,,,,False,DELIVERED
156,32,32->0,1,True,True,False,,,,,False,DELIVERED
157,32,32->0,1,True,True,False,,,,,False,DELIVERED
158,32,32->0,1,True,True,False,,,,,False,DELIVERED
159,32,32->0,1,True,True,False,,,,,False,DELIVERED
160,32,32->0,1,True,True,False,,,,,False,DELIVERED
161,33,33->30->8->7->6->14->36->15->12->46->44->21->4->3->1->9->25->48->42->37->2->31->49->32->0,24,True,True,False,,,,,False,DELIVERED
162,33,33->30->8->7->6->14->36->15->12->46->44->21->4->3->1->9->25->48->42->37->2->31->49->32->0,24,True,True,False,,,,,False,DELIVERED
163,33,33->30->8->7->6->14->36->15->12->46->44->21->4->3->1->9->25->48->42->37->2->31->49->32->0,24,True,True,False,,,,,False,DELIVERED
164,33,33->30->8->7->6->14->36->15->12->46->44->21->4->3->1->9->25->48->42->37->2->31->49->32->0,24,True,True,False,,,,,False,DELIVERED
165,33,33->30->8->7->6->14->36->15->12->46->44->21->4->3->1->9->25->48->42->37->2->31->49->32->0,24,True,True,False,,,,,False,DELIVERED
166,34,34->43->27->22->49->32->0,6,True,True,False,,,,,False,DELIVERED
167,34,34->43->27->22->49->32->0,6,True,True,False,,,,,False,DELIVERED
168,34,34->43->27->22->49->32->0,6,True,True,False,,,,,False,DELIVERED
169,34,34->43->27->22->49->32->0,6,True,True,False,,,,,False,DELIVERED
170,34,34->43->27->22->49->32->0,6,True,True,False,,,,,False,DELIVERED
171,35,35->50->28->23->6->14->36->15->12->46->44->21->4->3->1->9->25->48->42->37->2->31->49->32->0,24,True,True,False,,,,,False,DELIVERED
172,35,35->50->28->23->6->14->36->15->12->46->44->21->4->3->1->9->25->48->42->37->2->31->49->32->0,24,True,True,False,,,,,False,DELIVERED
173,35,35->50->28->23->6->14->36->15->12->46->44->21->4->3->1->9->25->48->42->37->2->31->49->32->0,24,True,True,False,,,,,False,DELIVERED
174,35,35->50->28->23->6->14->36->15->12->46->44->21->4->3->1->9->25->48->42->37->2->31->49->32->0,24,True,True,False,,,,,False,DELIVERED
175,35,35->50->28->23->6->14->36->15->12->46->44->21->4->3->1->9->25->48->42->37->2->31->49->32->0,24,True,True,False,,,,,False,DELIVERED
176,36,36->15->12->46->44->21->4->3->1->9->25->48->42->37->2->31->49->32->0,18,True,True,False,,,,,False,DELIVERED
177,36,36->15->12->46->44->21->4->3->1->9->25->48->42->37->2->31->49->32->0,18,True,True,False,,,,,False,DELIVERED
178,36,36->15->12->46->44->21->4->3->1->9->25->48->42->37->2->31->49->32->0,18,True,True,False,,,,,False,DELIVERED
179,36,36->15->12->46->44->21->4->3->1->9->25->48->42->37->2->31->49->32->0,18,True,True,False,,,,,False,DELIVERED
180,36,36->15->12->46->44->21->4->3->1->9->25->48->42->37->2->31->49->32->0,18,True,True,False,,,,,False,DELIVERED
181,37,37->2->31->49->32->0,5,True,True,False,,,,,False,DELIVERED
182,37,37->2->31->49->32->0,5,True,True,False,,,,,False,DELIVERED
183,37,37->2->31->49->32->0,5,True,True,False,,,,,False,DELIVERED
184,37,37->2->31->49->32->0,5,True,True,False,,,,,False,DELIVERED
185,37,37->2->31->49->32->0,5,True,True,False,,,,,False,DELIVERED
186,38,38->9->25->48->42->37->2->31->49->32->0,10,True,True,False,,,,,False,DELIVERED
187,38,38->9->25->48->42->37->2->31->49->32->0,10,True,True,False,,,,,False,DELIVERED
188,38,38->9->25->48->42->37->2->31->49->32->0,10,True,True,False,,,,,False,DELIVERED
189,38,38->9->25->48->42->37->2->31->49->32->0,10,True,True,False,,,,,False,DELIVERED
190,38,38->9->25->48->42->37->2->31->49->32->0,10,True,True,False,,,,,False,DELIVERED
191,39,39->40->33->30->8->7->6->14->36->15->12->46->44->21->4->3->1->9->25->48->42->37->2->31->49->32->0,26,True,True,False,,,,,False,DELIVERED
192,39,39->40->33->30->8->7->6->14->36->15->12->46->44->21->4->3->1->9->25->48->42->37->2->31->49->32->0,26,True,True,False,,,,,False,DELIVERED
193,39,39->40->33->30->8->7->6->14->36->15->12->46->44->21->4->3->1->9->25->48->42->37->2->31->49->32->0,26,True,True,False,,,,,False,DELIVERED
194,39,39->40->33->30->8->7->6->14->36->15->12->46->44->21->4->3->1->9->25->48->42->37->2->31->49->32->0,26,True,True,False,,,,,False,DELIVERED
195,39,39->40->33->30->8->7->6->14->36->15->12->46->44->21->4->3->1->9->25->48->42->37->2->31->49->32->0,26,True,True,False,,,,,False,DELIVERED
196,40,40->33->30->8->7->6->14->36->15->12->46->44->21->4->3->1->9->25->48->42->37->2->31->49->32->0,25,True,True,False,,,,,False,DELIVERED
197,40,40->33->30->8->7->6->14->36->15->12->46->44->21->4->3->1->9->25->48->42->37->2->31->49->32->0,25,True,True,False,,,,,False,DELIVERED
198,40,40->33->30->8->7->6->14->36->15->12->46->44->21->4->3->1->9->25->48->42->37->2->31->49->32->0,25,True,True,False,,,,,False,DELIVERED
199,40,40->33->30->8->7->6->14->36->15->12->46->44->21->4->3->1->9->25->48->42->37->2->31->49->32->0,25,True,True,False,,,,,False,DELIVERED
200,40,40->33->30->8->7->6->14->36->15->12->46->44->21->4->3->1->9->25->48->42->37->2->31->49->32->0,25,True,True,False,,,,,False,DELIVERED
201,41,41->12->46->44->21->4->3->1->9->25->48->42->37->2->31->49->32->0,17,True,True,False,,,,,False,DELIVERED
202,41,41->12->46->44->21->4->3->1->9->25->48->42->37->2->31->49->32->0,17,True,True,False,,,,,False,DELIVERED
203,41,41->12->46->44->21->4->3->1->9->25->48->42->37->2->31->49->32->0,17,True,True,False,,,,,False,DELIVERED
204,41,41->12->46->44->21->4->3->1->9->25->48->42->37->2->31->49->32->0,17,True,True,False,,,,,False,DELIVERED
205,41,41->12->46->44->21->4->3->1->9->25->48->42->37->2->31->49->32->0,17,True,True,False,,,,,False,DELIVERED
206,42,42->37->2->31->49->32->0,6,True,True,False,,,,,False,DELIVERED
207,42,42->37->2->31->49->32->0,6,True,True,False,,,,,False,DELIVERED
208,42,42->37->2->31->49->32->0,6,True,True,False,,,,,False,DELIVERED
209,42,42->37->2->31->49->32->0,6,True,True,False,,,,,False,DELIVERED
210,42,42->37->2->31->49->32->0,6,True,True,False,,,,,False,DELIVERED
211,43,43->27->22->49->32->0,5,True,True,False,,,,,False,DELIVERED
212,43,43->27->22->49->32->0,5,True,True,False,,,,,False,DELIVERED
213,43,43->27->22->49->32->0,5,True,True,False,,,,,False,DELIVERED
214,43,43->27->22->49->32->0,5,True,True,False,,,,,False,DELIVERED
215,43,43->27->22->49->32->0,5,True,True,False,,,,,False,DELIVERED
216,44,44->21->4->3->1->9->25->48->42->37->2->31->49->32->0,14,True,True,False,,,,,False,DELIVERED
217,44,44->21->4->3->1->9->25->48->42->37->2->31->49->32->0,14,True,True,False,,,,,False,DELIVERED
218,44,44->21->4->3->1->9->25->48->42->37->2->31->49->32->0,14,True,True,False,,,,,False,DELIVERED
219,44,44->21->4->3->1->9->25->48->42->37->2->31->49->32->0,14,True,True,False,,,,,False,DELIVERED
220,44,44->21->4->3->1->9->25->48->42->37->2->31->49->32->0,14,True,True,False,,,,,False,DELIVERED
221,45,45->23->6->14->36->15->12->46->44->21->4->3->1->9->25->48->42->37->2->31->49->32->0,22,True,True,False,,,,,False,DELIVERED
222,45,45->23->6->14->36->15->12->46->44->21->4->3->1->9->25->48->42->37->2->31->49->32->0,22,True,True,False,,,,,False,DELIVERED
223,45,45->23->6->14->36->15->12->46->44->21->4->3->1->9->25->48->42->37->2->31->49->32->0,22,True,True,False,,,,,False,DELIVERED
224,45,45->23->6->14->36->15->12->46->44->21->4->3->1->9->25->48->42->37->2->31->49->32->0,22,True,True,False,,,,,False,DELIVERED
225,45,45->23->6->14->36->15->12->46->44->21->4->3->1->9->25->48->42->37->2->31->49->32->0,22,True,True,False,,,,,False,DELIVERED
226,46,46->44->21->4->3->1->9->25->48->42->37->2->31->49->32->0,15,True,True,False,,,,,False,DELIVERED
227,46,46->44->21->4->3->1->9->25->48->42->37->2->31->49->32->0,15,True,True,False,,,,,False,DELIVERED
228,46,46->44->21->4->3->1->9->25->48->42->37->2->31->49->32->0,15,True,True,False,,,,,False,DELIVERED
229,46,46->44->21->4->3->1->9->25->48->42->37->2->31->49->32->0,15,True,True,False,,,,,False,DELIVERED
230,46,46->44->21->4->3->1->9->25->48->42->37->2->31->49->32->0,15,True,True,False,,,,,False,DELIVERED
231,47,47->19->5->16->26->9->25->48->42->37->2->31->49->32->0,14,True,True,False,,,,,False,DELIVERED
232,47,47->19->5->16->26->9->25->48->42->37->2->31->49->32->0,14,True,True,False,,,,,False,DELIVERED
233,47,47->19->5->16->26->9->25->48->42->37->2->31->49->32->0,14,True,True,False,,,,,False,DELIVERED
234,47,47->19->5->16->26->9->25->48->42->37->2->31->49->32->0,14,True,True,False,,,,,False,DELIVERED
235,47,47->19->5->16->26->9->25->48->42->37->2->31->49->32->0,14,True,True,False,,,,,False,DELIVERED
236,48,48->42->37->2->31->49->32->0,7,True,True,False,,,,,False,DELIVERED
237,48,48->42->37->2->31->49->32->0,7,True,True,False,,,,,False,DELIVERED
238,48,48->42->37->2->31->49->32->0,7,True,True,False,,,,,False,DELIVERED
239,48,48->42->37->2->31->49->32->0,7,True,True,False,,,,,False,DELIVERED
240,48,48->42->37->2->31->49->32->0,7,True,True,False,,,,,False,DELIVERED
241,49,49->32->0,2,True,True,False,,,,,False,DELIVERED
242,49,49->32->0,2,True,True,False,,,,,False,DELIVERED
243,49,49->32->0,2,True,True,False,,,,,False,DELIVERED
244,49,49->32->0,2,True,True,False,,,,,False,DELIVERED
245,49,49->32->0,2,True,True,False,,,,,False,DELIVERED
246,50,50->28->23->6->14->36->15->12->46->44->21->4->3->1->9->25->48->42->37->2->31->49->32->0,23,True,True,False,,,,,False,DELIVERED
247,50,50->28->23->6->14->36->15->12->46->44->21->4->3->1->9->25->48->42->37->2->31->49->32->0,23,True,True,False,,,,,False,DELIVERED
248,50,50->28->23->6->14->36->15->12->46->44->21->4->3->1->9->25->48->42->37->2->31->49->32->0,23,True,True,False,,,,,False,DELIVERED
249,50,50->28->23->6->14->36->15->12->46->44->21->4->3->1->9->25->48->42->37->2->31->49->32->0,23,True,True,False,,,,,False,DELIVERED
250,50,50->28->23->6->14->36->15->12->46->44->21->4->3->1->9->25->48->42->37->2->31->49->32->0,23,True,True,False,,,,,False,DELIVERED
